path	upstream_git_blob_sha	bytes
src/Helpers/ObjectIterator.js	018300a6d747b68489d1d992119d4e46ba1b5279	734
src/Helpers/PConstants.js	ccf3563fe2ca88d3bde07877229bfb9588fd2f4f	6319
src/Helpers/PjsConsole.js	c8a23da179cb46cde665d82d69687134556358f8	4020
src/Helpers/defaultScope.js	1f386713f649c53f2eba84b3025be4275bf80560	6996
src/Helpers/finalizeProcessing.js	ba7d54fb105058761d114810fbaa44b826a9b4b5	11424
src/Helpers/virtEquals.js	15fe7953ab49f4b3c6240956758b51f65a4e4108	746
src/Helpers/virtHashCode.js	170933a6b6f7fb52658107670c81c0f37dd9e0e5	862
src/Objects/ArrayList.js	93103829489ff2aa8bce40bc88077f2443802697	8909
src/Objects/Char.js	670865093a5f49a6b735309cd2e266114cd62028	614
src/Objects/HashMap.js	73b3c3e731985381dbe5daef0422c930afa45148	10441
src/Objects/PFont.js	71e413188477c05ac3127d411169e5eeca2fe904	13293
src/Objects/PMatrix2D.js	ca7826a786df9c8537b174b241367f2b2c377e61	15375
src/Objects/PMatrix3D.js	94d1ce7fc85302a5730385440350fe08872196a4	25693
src/Objects/PShape.js	a3f3b0fd3dab09bd542605427147d1b3af71eed5	27803
src/Objects/PShapeSVG.js	882905dfdd36238e9add4cd9238982b0cdabcc72	40495
src/Objects/PVector.js	134f4dba8fdc152e3335119a689edf7165c08c0c	5797
src/Objects/XMLAttribute.js	47b83b4f7e59bf97a31cb1c30386e42f21c5c225	2070
src/Objects/XMLElement.js	30ca462888d0317a2a7e3a7b9d4a0ab20a3f29f7	28330
src/Objects/webcolors.js	74d299c0f10dc1912fc89e2f6419978bdcd34702	5234
src/P5Functions/JavaProxyFunctions.js	b0f207f61a0665dda34620027ac6b511caecd56a	10484
src/P5Functions/Math.js	512ffea4316a144238bce163ca09c4634fa35f59	23515
src/P5Functions/commonFunctions.js	b11cc0fcd1c4cc055d8eb3b3669952ec739c18d6	9875
src/P5Functions/touchmouse.js	ad785c67757c38f786df21b6832fa2bd040fae7d	9468
src/Parser/Parser.js	7a9a75c913d350834dc583a8076a8847367a348a	69900
src/Processing.js	d9cec8d003d5c002f69477e08d1627a73a0c8926	461241
src/extensions/processing-inspector.js	6c0f07313decb5e255e894378b377d398361c00a	4882
src/extensions/processing-lazyload.js	b7d9f01aef0af5e92b65254159dabbe1b7f6d531	5098
src/index.js	3263c19d447a2041d826c8dd4d0481a05b08563a	3763
